-- phpMyAdmin SQL Dump
-- version 5.2.1
-- https://www.phpmyadmin.net/
--
-- Servidor: 127.0.0.1
-- Tiempo de generación: 11-04-2025 a las 14:46:58
-- Versión del servidor: 10.4.32-MariaDB
-- Versión de PHP: 8.2.12

SET SQL_MODE = "NO_AUTO_VALUE_ON_ZERO";
START TRANSACTION;
SET time_zone = "+00:00";


/*!40101 SET @OLD_CHARACTER_SET_CLIENT=@@CHARACTER_SET_CLIENT */;
/*!40101 SET @OLD_CHARACTER_SET_RESULTS=@@CHARACTER_SET_RESULTS */;
/*!40101 SET @OLD_COLLATION_CONNECTION=@@COLLATION_CONNECTION */;
/*!40101 SET NAMES utf8mb4 */;

--
-- Base de datos: `crimenn2`
--

DELIMITER $$
--
-- Procedimientos
--
CREATE DEFINER=`root`@`localhost` PROCEDURE `procedimiento_crimen` (IN `nombre_region` VARCHAR(30))   BEGIN
SELECT region.nombre_region,
tipo_dato.nombre_dato,
tabla_int.año,
tabla_int.valores
FROM region
INNER JOIN tabla_int ON region.id_region=tabla_int.id_region
INNER JOIN tipo_dato ON tabla_int.id_tipo_dato=tipo_dato.id_tipo_dato
WHERE region.nombre_region="canarias";
END$$

DELIMITER ;

-- --------------------------------------------------------

--
-- Estructura de tabla para la tabla `region`
--

CREATE TABLE `region` (
  `id_region` int(10) NOT NULL,
  `nombre_region` varchar(30) DEFAULT NULL
) ENGINE=InnoDB DEFAULT CHARSET=utf8mb4 COLLATE=utf8mb4_general_ci;

--
-- Volcado de datos para la tabla `region`
--

INSERT INTO `region` (`id_region`, `nombre_region`) VALUES
(10, 'Galicia'),
(11, 'Asturias'),
(12, 'Cantabria'),
(13, 'Basque Country'),
(14, 'Comunidad Foral de Navarra'),
(15, 'La Rioja'),
(16, 'Aragon'),
(17, 'Community of Madrid'),
(18, 'Castile and León'),
(19, 'Castile-La Mancha'),
(20, 'Extremadura'),
(21, 'Catalonia'),
(22, 'Comunidad Valenciana'),
(23, 'Balearic Islands'),
(24, 'Andalucía'),
(25, 'Region of Murcia'),
(26, 'Ceuta'),
(27, 'Ciudad Autónoma de Melilla'),
(28, 'Canarias');

-- --------------------------------------------------------

--
-- Estructura de tabla para la tabla `tabla_int`
--

CREATE TABLE `tabla_int` (
  `id_region` int(10) DEFAULT NULL,
  `id_tipo_dato` int(10) DEFAULT NULL,
  `año` int(10) DEFAULT NULL,
  `valores` decimal(10,2) DEFAULT NULL
) ENGINE=InnoDB DEFAULT CHARSET=utf8mb4 COLLATE=utf8mb4_general_ci;

--
-- Volcado de datos para la tabla `tabla_int`
--

INSERT INTO `tabla_int` (`id_region`, `id_tipo_dato`, `año`, `valores`) VALUES
(10, 30, 2000, 1.30),
(10, 30, 2001, 1.40),
(10, 30, 2002, 1.50),
(10, 30, 2003, 1.60),
(10, 30, 2004, 1.70),
(10, 30, 2005, 1.80),
(10, 30, 2006, 1.90),
(10, 30, 2007, 1.10),
(10, 30, 2008, 1.11),
(10, 30, 2009, 1.12),
(10, 30, 2010, 1.13),
(10, 30, 2011, 1.14),
(10, 30, 2012, 1.15),
(10, 30, 2013, 1.05),
(10, 30, 2014, 1.08),
(10, 30, 2015, 1.10),
(10, 30, 2016, 1.12),
(10, 30, 2017, 1.12),
(10, 30, 2018, 1.04),
(10, 30, 2019, 1.02),
(10, 30, 2020, 1.01),
(10, 30, 2021, 1.00),
(10, 30, 2022, 1.00),
(10, 30, 2023, 0.99),
(11, 30, 2000, 2.00),
(11, 30, 2001, 0.10),
(11, 30, 2002, 3.00),
(11, 30, 2003, 0.10),
(11, 30, 2004, 2.00),
(11, 30, 2005, 0.10),
(11, 30, 2006, 3.00),
(11, 30, 2007, 0.10),
(11, 30, 2008, 4.00),
(11, 30, 2009, 0.10),
(11, 30, 2010, 3.00),
(11, 30, 2011, 0.10),
(11, 30, 2012, 4.00),
(11, 30, 2013, 0.97),
(11, 30, 2014, 1.00),
(11, 30, 2015, 1.02),
(11, 30, 2016, 1.04),
(11, 30, 2017, 1.03),
(11, 30, 2018, 1.03),
(11, 30, 2019, 0.95),
(11, 30, 2020, 0.91),
(11, 30, 2021, 0.95),
(11, 30, 2022, 0.96),
(11, 30, 2023, 0.94),
(12, 30, 2000, 0.92),
(12, 30, 2001, 0.90),
(12, 30, 2002, 0.88),
(12, 30, 2003, 0.86),
(12, 30, 2004, 0.84),
(12, 30, 2005, 0.82),
(12, 30, 2006, 0.80),
(12, 30, 2007, 0.78),
(12, 30, 2008, 0.76),
(12, 30, 2009, 0.74),
(12, 30, 2010, 0.72),
(12, 30, 2011, 0.70),
(12, 30, 2012, 0.68),
(12, 30, 2013, 1.18),
(12, 30, 2014, 1.16),
(12, 30, 2015, 1.14),
(12, 30, 2016, 1.15),
(12, 30, 2017, 1.16),
(12, 30, 2018, 1.11),
(12, 30, 2019, 1.06),
(12, 30, 2020, 1.06),
(12, 30, 2021, 1.03),
(12, 30, 2022, 1.03),
(12, 30, 2023, 0.96),
(13, 30, 2000, 1.04),
(13, 30, 2001, 0.97),
(13, 30, 2002, 1.05),
(13, 30, 2003, 0.98),
(13, 30, 2004, 1.06),
(13, 30, 2005, 0.99),
(13, 30, 2006, 1.07),
(13, 30, 2007, 0.10),
(13, 30, 2008, 1.08),
(13, 30, 2009, 0.10),
(13, 30, 2010, 1.09),
(13, 30, 2011, 0.10),
(13, 30, 2012, 1.10),
(13, 30, 2013, 1.30),
(13, 30, 2014, 1.38),
(13, 30, 2015, 1.38),
(13, 30, 2016, 1.37),
(13, 30, 2017, 1.32),
(13, 30, 2018, 1.27),
(13, 30, 2019, 1.24),
(13, 30, 2020, 1.20),
(13, 30, 2021, 1.19),
(13, 30, 2022, 1.15),
(13, 30, 2023, 1.14),
(14, 30, 2000, 1.13),
(14, 30, 2001, 1.12),
(14, 30, 2002, 1.11),
(14, 30, 2003, 1.10),
(14, 30, 2004, 1.90),
(14, 30, 2005, 1.80),
(14, 30, 2006, 1.70),
(14, 30, 2007, 1.60),
(14, 30, 2008, 1.50),
(14, 30, 2009, 1.40),
(14, 30, 2010, 1.30),
(14, 30, 2011, 1.20),
(14, 30, 2012, 1.10),
(14, 30, 2013, 1.37),
(14, 30, 2014, 1.44),
(14, 30, 2015, 1.44),
(14, 30, 2016, 1.45),
(14, 30, 2017, 1.44),
(14, 30, 2018, 1.38),
(14, 30, 2019, 1.38),
(14, 30, 2020, 1.30),
(14, 30, 2021, 1.34),
(14, 30, 2022, 1.26),
(14, 30, 2023, 1.18),
(15, 30, 2000, 1.10),
(15, 30, 2001, 1.20),
(15, 30, 2002, 1.60),
(15, 30, 2003, 1.14),
(15, 30, 2004, 1.22),
(15, 30, 2005, 1.30),
(15, 30, 2006, 1.38),
(15, 30, 2007, 1.46),
(15, 30, 2008, 1.54),
(15, 30, 2009, 1.62),
(15, 30, 2010, 1.70),
(15, 30, 2011, 1.78),
(15, 30, 2012, 1.86),
(15, 30, 2013, 1.34),
(15, 30, 2014, 1.35),
(15, 30, 2015, 1.33),
(15, 30, 2016, 1.35),
(15, 30, 2017, 1.34),
(15, 30, 2018, 1.23),
(15, 30, 2019, 1.30),
(15, 30, 2020, 1.26),
(15, 30, 2021, 1.22),
(15, 30, 2022, 1.23),
(15, 30, 2023, 1.12),
(16, 30, 2000, 1.10),
(16, 30, 2001, 1.10),
(16, 30, 2002, 1.21),
(16, 30, 2003, 1.32),
(16, 30, 2004, 1.43),
(16, 30, 2005, 1.54),
(16, 30, 2006, 1.65),
(16, 30, 2007, 1.76),
(16, 30, 2008, 1.87),
(16, 30, 2009, 1.98),
(16, 30, 2010, 1.11),
(16, 30, 2011, 1.12),
(16, 30, 2012, 1.13),
(16, 30, 2013, 1.31),
(16, 30, 2014, 1.34),
(16, 30, 2015, 1.35),
(16, 30, 2016, 1.34),
(16, 30, 2017, 1.33),
(16, 30, 2018, 1.28),
(16, 30, 2019, 1.25),
(16, 30, 2020, 1.19),
(16, 30, 2021, 1.26),
(16, 30, 2022, 1.21),
(16, 30, 2023, 1.16),
(17, 30, 2000, 1.11),
(17, 30, 2001, 1.60),
(17, 30, 2002, 1.10),
(17, 30, 2003, 1.40),
(17, 30, 2004, 1.90),
(17, 30, 2005, 1.14),
(17, 30, 2006, 1.19),
(17, 30, 2007, 1.24),
(17, 30, 2008, 1.29),
(17, 30, 2009, 1.34),
(17, 30, 2010, 1.39),
(17, 30, 2011, 1.44),
(17, 30, 2012, 1.49),
(17, 30, 2013, 1.30),
(17, 30, 2014, 1.35),
(17, 30, 2015, 1.37),
(17, 30, 2016, 1.36),
(17, 30, 2017, 1.32),
(17, 30, 2018, 1.26),
(17, 30, 2019, 1.22),
(17, 30, 2020, 1.15),
(17, 30, 2021, 1.14),
(17, 30, 2022, 1.13),
(17, 30, 2023, 1.10),
(18, 30, 2000, 1.11),
(18, 30, 2001, 1.23),
(18, 30, 2002, 1.35),
(18, 30, 2003, 1.47),
(18, 30, 2004, 1.59),
(18, 30, 2005, 1.71),
(18, 30, 2006, 1.83),
(18, 30, 2007, 1.95),
(18, 30, 2008, 1.11),
(18, 30, 2009, 1.12),
(18, 30, 2010, 1.13),
(18, 30, 2011, 1.14),
(18, 30, 2012, 1.16),
(18, 30, 2013, 1.13),
(18, 30, 2014, 1.17),
(18, 30, 2015, 1.19),
(18, 30, 2016, 1.18),
(18, 30, 2017, 1.14),
(18, 30, 2018, 1.14),
(18, 30, 2019, 1.12),
(18, 30, 2020, 1.10),
(18, 30, 2021, 1.07),
(18, 30, 2022, 1.10),
(18, 30, 2023, 1.06),
(19, 30, 2000, 1.11),
(19, 30, 2001, 1.16),
(19, 30, 2002, 1.21),
(19, 30, 2003, 1.26),
(19, 30, 2004, 1.31),
(19, 30, 2005, 1.36),
(19, 30, 2006, 1.41),
(19, 30, 2007, 1.46),
(19, 30, 2008, 1.51),
(19, 30, 2009, 1.56),
(19, 30, 2010, 1.61),
(19, 30, 2011, 1.66),
(19, 30, 2012, 1.71),
(19, 30, 2013, 1.31),
(19, 30, 2014, 1.30),
(19, 30, 2015, 1.33),
(19, 30, 2016, 1.34),
(19, 30, 2017, 1.31),
(19, 30, 2018, 1.26),
(19, 30, 2019, 1.24),
(19, 30, 2020, 1.21),
(19, 30, 2021, 1.21),
(19, 30, 2022, 1.21),
(19, 30, 2023, 1.18),
(20, 30, 2000, 1.15),
(20, 30, 2001, 1.12),
(20, 30, 2002, 1.90),
(20, 30, 2003, 1.60),
(20, 30, 2004, 1.30),
(20, 30, 2005, 1.00),
(20, 30, 2006, 1.30),
(20, 30, 2007, 1.60),
(20, 30, 2008, 1.90),
(20, 30, 2009, 1.12),
(20, 30, 2010, 1.15),
(20, 30, 2011, 1.18),
(20, 30, 2012, 1.21),
(20, 30, 2013, 1.22),
(20, 30, 2014, 1.29),
(20, 30, 2015, 1.28),
(20, 30, 2016, 1.30),
(20, 30, 2017, 1.29),
(20, 30, 2018, 1.21),
(20, 30, 2019, 1.21),
(20, 30, 2020, 1.19),
(20, 30, 2021, 1.19),
(20, 30, 2022, 1.14),
(20, 30, 2023, 1.16),
(21, 30, 2000, 1.18),
(21, 30, 2001, 1.20),
(21, 30, 2002, 1.22),
(21, 30, 2003, 1.24),
(21, 30, 2004, 1.26),
(21, 30, 2005, 1.28),
(21, 30, 2006, 1.30),
(21, 30, 2007, 1.32),
(21, 30, 2008, 1.34),
(21, 30, 2009, 1.36),
(21, 30, 2010, 1.38),
(21, 30, 2011, 1.40),
(21, 30, 2012, 1.42),
(21, 30, 2013, 1.34),
(21, 30, 2014, 1.39),
(21, 30, 2015, 1.40),
(21, 30, 2016, 1.40),
(21, 30, 2017, 1.37),
(21, 30, 2018, 1.31),
(21, 30, 2019, 1.27),
(21, 30, 2020, 1.21),
(21, 30, 2021, 1.20),
(21, 30, 2022, 1.17),
(21, 30, 2023, 1.11),
(22, 30, 2000, 1.50),
(22, 30, 2001, 1.10),
(22, 30, 2002, 1.70),
(22, 30, 2003, 1.13),
(22, 30, 2004, 1.19),
(22, 30, 2005, 1.25),
(22, 30, 2006, 1.31),
(22, 30, 2007, 1.37),
(22, 30, 2008, 1.43),
(22, 30, 2009, 1.49),
(22, 30, 2010, 1.55),
(22, 30, 2011, 1.61),
(22, 30, 2012, 1.67),
(22, 30, 2013, 1.26),
(22, 30, 2014, 1.31),
(22, 30, 2015, 1.32),
(22, 30, 2016, 1.31),
(22, 30, 2017, 1.29),
(22, 30, 2018, 1.24),
(22, 30, 2019, 1.23),
(22, 30, 2020, 1.19),
(22, 30, 2021, 1.19),
(22, 30, 2022, 1.18),
(22, 30, 2023, 1.15),
(23, 30, 2000, 1.12),
(23, 30, 2001, 1.90),
(23, 30, 2002, 1.60),
(23, 30, 2003, 1.30),
(23, 30, 2004, 1.00),
(23, 30, 2005, 1.30),
(23, 30, 2006, 1.60),
(23, 30, 2007, 1.90),
(23, 30, 2008, 1.12),
(23, 30, 2009, 1.15),
(23, 30, 2010, 1.18),
(23, 30, 2011, 1.21),
(23, 30, 2012, 1.24),
(23, 30, 2013, 1.24),
(23, 30, 2014, 1.26),
(23, 30, 2015, 1.26),
(23, 30, 2016, 1.29),
(23, 30, 2017, 1.25),
(23, 30, 2018, 1.25),
(23, 30, 2019, 1.18),
(23, 30, 2020, 1.15),
(23, 30, 2021, 1.16),
(23, 30, 2022, 1.11),
(23, 30, 2023, 1.05),
(24, 30, 2000, 1.01),
(24, 30, 2001, 1.07),
(24, 30, 2002, 1.13),
(24, 30, 2003, 1.19),
(24, 30, 2004, 1.25),
(24, 30, 2005, 1.31),
(24, 30, 2006, 1.37),
(24, 30, 2007, 1.43),
(24, 30, 2008, 1.49),
(24, 30, 2009, 1.55),
(24, 30, 2010, 1.61),
(24, 30, 2011, 1.67),
(24, 30, 2012, 1.73),
(24, 30, 2013, 1.35),
(24, 30, 2014, 1.39),
(24, 30, 2015, 1.40),
(24, 30, 2016, 1.41),
(24, 30, 2017, 1.36),
(24, 30, 2018, 1.31),
(24, 30, 2019, 1.30),
(24, 30, 2020, 1.25),
(24, 30, 2021, 1.26),
(24, 30, 2022, 1.22),
(24, 30, 2023, 1.19),
(25, 30, 2000, 1.16),
(25, 30, 2001, 1.13),
(25, 30, 2002, 1.10),
(25, 30, 2003, 1.70),
(25, 30, 2004, 1.40),
(25, 30, 2005, 1.10),
(25, 30, 2006, 1.20),
(25, 30, 2007, 1.50),
(25, 30, 2008, 1.80),
(25, 30, 2009, 1.11),
(25, 30, 2010, 1.14),
(25, 30, 2011, 1.17),
(25, 30, 2012, 1.20),
(25, 30, 2013, 1.51),
(25, 30, 2014, 1.56),
(25, 30, 2015, 1.57),
(25, 30, 2016, 1.56),
(25, 30, 2017, 1.55),
(25, 30, 2018, 1.52),
(25, 30, 2019, 1.49),
(25, 30, 2020, 1.44),
(25, 30, 2021, 1.46),
(25, 30, 2022, 1.42),
(25, 30, 2023, 1.36),
(26, 30, 2000, 1.30),
(26, 30, 2001, 1.24),
(26, 30, 2002, 1.18),
(26, 30, 2003, 1.12),
(26, 30, 2004, 1.60),
(26, 30, 2005, 1.00),
(26, 30, 2006, 1.60),
(26, 30, 2007, 1.12),
(26, 30, 2008, 1.18),
(26, 30, 2009, 1.24),
(26, 30, 2010, 1.30),
(26, 30, 2011, 1.36),
(26, 30, 2012, 1.42),
(26, 30, 2013, 1.79),
(26, 30, 2014, 1.99),
(26, 30, 2015, 1.85),
(26, 30, 2016, 1.82),
(26, 30, 2017, 1.80),
(26, 30, 2018, 1.68),
(26, 30, 2019, 1.48),
(26, 30, 2020, 1.50),
(26, 30, 2021, 1.30),
(26, 30, 2022, 1.33),
(26, 30, 2023, 1.24),
(27, 30, 2000, 1.15),
(27, 30, 2001, 1.60),
(27, 30, 2002, 1.30),
(27, 30, 2003, 1.12),
(27, 30, 2004, 1.21),
(27, 30, 2005, 1.30),
(27, 30, 2006, 1.39),
(27, 30, 2007, 1.48),
(27, 30, 2008, 1.57),
(27, 30, 2009, 1.66),
(27, 30, 2010, 1.75),
(27, 30, 2011, 1.84),
(27, 30, 2012, 1.93),
(27, 30, 2013, 2.49),
(27, 30, 2014, 2.69),
(27, 30, 2015, 2.51),
(27, 30, 2016, 2.44),
(27, 30, 2017, 2.26),
(27, 30, 2018, 2.27),
(27, 30, 2019, 2.10),
(27, 30, 2020, 1.64),
(27, 30, 2021, 1.61),
(27, 30, 2022, 1.55),
(27, 30, 2023, 1.32),
(28, 30, 2000, 1.90),
(28, 30, 2001, 1.14),
(28, 30, 2002, 1.37),
(28, 30, 2003, 1.60),
(28, 30, 2004, 1.83),
(28, 30, 2005, 1.11),
(28, 30, 2006, 1.13),
(28, 30, 2007, 1.15),
(28, 30, 2008, 1.18),
(28, 30, 2009, 1.20),
(28, 30, 2010, 1.22),
(28, 30, 2011, 1.24),
(28, 30, 2012, 1.27),
(28, 30, 2013, 1.00),
(28, 30, 2014, 1.06),
(28, 30, 2015, 1.07),
(28, 30, 2016, 1.08),
(28, 30, 2017, 1.07),
(28, 30, 2018, 1.01),
(28, 30, 2019, 0.97),
(28, 30, 2020, 0.91),
(28, 30, 2021, 0.89),
(28, 30, 2022, 0.86),
(28, 30, 2023, 0.84),
(10, 31, 2000, 86370.00),
(10, 31, 2001, 81114.00),
(10, 31, 2002, 76255.00),
(10, 31, 2003, 72480.00),
(10, 31, 2004, 68886.00),
(10, 31, 2005, 66116.00),
(10, 31, 2006, 63825.00),
(10, 31, 2007, 61909.00),
(10, 31, 2008, 60539.00),
(10, 31, 2009, 59238.00),
(10, 31, 2010, 57164.00),
(10, 31, 2011, 55487.00),
(10, 31, 2012, 53980.00),
(10, 31, 2013, 52420.00),
(10, 31, 2014, 50833.00),
(10, 31, 2015, 50454.00),
(10, 31, 2016, 50651.00),
(10, 31, 2017, 51072.00),
(10, 31, 2018, 51559.00),
(10, 31, 2019, 52737.00),
(10, 31, 2020, 53801.00),
(10, 31, 2021, 54615.00),
(10, 31, 2022, 55653.00),
(10, 31, 2023, 57279.00),
(11, 31, 2000, 31126.00),
(11, 31, 2001, 29178.00),
(11, 31, 2002, 27431.00),
(11, 31, 2003, 25975.00),
(11, 31, 2004, 24539.00),
(11, 31, 2005, 23197.00),
(11, 31, 2006, 22020.00),
(11, 31, 2007, 21132.00),
(11, 31, 2008, 20595.00),
(11, 31, 2009, 20044.00),
(11, 31, 2010, 19533.00),
(11, 31, 2011, 19079.00),
(11, 31, 2012, 18695.00),
(11, 31, 2013, 18215.00),
(11, 31, 2014, 17992.00),
(11, 31, 2015, 17814.00),
(11, 31, 2016, 17915.00),
(11, 31, 2017, 17984.00),
(11, 31, 2018, 18155.00),
(11, 31, 2019, 18562.00),
(11, 31, 2020, 18973.00),
(11, 31, 2021, 19296.00),
(11, 31, 2022, 19614.00),
(11, 31, 2023, 20146.00),
(12, 31, 2000, 16952.00),
(12, 31, 2001, 16007.00),
(12, 31, 2002, 15130.00),
(12, 31, 2003, 14481.00),
(12, 31, 2004, 13986.00),
(12, 31, 2005, 13386.00),
(12, 31, 2006, 12904.00),
(12, 31, 2007, 12618.00),
(12, 31, 2008, 12439.00),
(12, 31, 2009, 12217.00),
(12, 31, 2010, 11928.00),
(12, 31, 2011, 11670.00),
(12, 31, 2012, 11495.00),
(12, 31, 2013, 11264.00),
(12, 31, 2014, 11064.00),
(12, 31, 2015, 11284.00),
(12, 31, 2016, 11555.00),
(12, 31, 2017, 11808.00),
(12, 31, 2018, 12156.00),
(12, 31, 2019, 12651.00),
(12, 31, 2020, 13126.00),
(12, 31, 2021, 13514.00),
(12, 31, 2022, 13854.00),
(12, 31, 2023, 14325.00),
(13, 31, 2000, 59268.00),
(13, 31, 2001, 55718.00),
(13, 31, 2002, 52210.00),
(13, 31, 2003, 49605.00),
(13, 31, 2004, 47715.00),
(13, 31, 2005, 46090.00),
(13, 31, 2006, 44565.00),
(13, 31, 2007, 43578.00),
(13, 31, 2008, 43042.00),
(13, 31, 2009, 42288.00),
(13, 31, 2010, 41524.00),
(13, 31, 2011, 41153.00),
(13, 31, 2012, 41396.00),
(13, 31, 2013, 41641.00),
(13, 31, 2014, 41766.00),
(13, 31, 2015, 42843.00),
(13, 31, 2016, 44175.00),
(13, 31, 2017, 45122.00),
(13, 31, 2018, 46495.00),
(13, 31, 2019, 48303.00),
(13, 31, 2020, 49836.00),
(13, 31, 2021, 50846.00),
(13, 31, 2022, 51932.00),
(13, 31, 2023, 53526.00),
(14, 31, 2000, 15888.00),
(14, 31, 2001, 15014.00),
(14, 31, 2002, 14084.00),
(14, 31, 2003, 13766.00),
(14, 31, 2004, 13706.00),
(14, 31, 2005, 13607.00),
(14, 31, 2006, 13489.00),
(14, 31, 2007, 13560.00),
(14, 31, 2008, 13922.00),
(14, 31, 2009, 13875.00),
(14, 31, 2010, 13984.00),
(14, 31, 2011, 14079.00),
(14, 31, 2012, 14367.00),
(14, 31, 2013, 14554.00),
(14, 31, 2014, 14740.00),
(14, 31, 2015, 14929.00),
(14, 31, 2016, 15280.00),
(14, 31, 2017, 15596.00),
(14, 31, 2018, 15969.00),
(14, 31, 2019, 16677.00),
(14, 31, 2020, 17017.00),
(14, 31, 2021, 17195.00),
(14, 31, 2022, 17629.00),
(14, 31, 2023, 18202.00),
(15, 31, 2000, 7952.00),
(15, 31, 2001, 7573.00),
(15, 31, 2002, 7268.00),
(15, 31, 2003, 7183.00),
(15, 31, 2004, 7191.00),
(15, 31, 2005, 7190.00),
(15, 31, 2006, 7149.00),
(15, 31, 2007, 7163.00),
(15, 31, 2008, 7325.00),
(15, 31, 2009, 7213.00),
(15, 31, 2010, 7140.00),
(15, 31, 2011, 7032.00),
(15, 31, 2012, 7012.00),
(15, 31, 2013, 7035.00),
(15, 31, 2014, 7042.00),
(15, 31, 2015, 6995.00),
(15, 31, 2016, 7106.00),
(15, 31, 2017, 7111.00),
(15, 31, 2018, 7136.00),
(15, 31, 2019, 7349.00),
(15, 31, 2020, 7603.00),
(15, 31, 2021, 7794.00),
(15, 31, 2022, 7982.00),
(15, 31, 2023, 8261.00),
(16, 31, 2000, 33207.00),
(16, 31, 2001, 31544.00),
(16, 31, 2002, 30432.00),
(16, 31, 2003, 29755.00),
(16, 31, 2004, 29489.00),
(16, 31, 2005, 29297.00),
(16, 31, 2006, 29096.00),
(16, 31, 2007, 29211.00),
(16, 31, 2008, 29731.00),
(16, 31, 2009, 29411.00),
(16, 31, 2010, 29154.00),
(16, 31, 2011, 28968.00),
(16, 31, 2012, 28719.00),
(16, 31, 2013, 28329.00),
(16, 31, 2014, 27987.00),
(16, 31, 2015, 27999.00),
(16, 31, 2016, 28103.00),
(16, 31, 2017, 28494.00),
(16, 31, 2018, 28793.00),
(16, 31, 2019, 29846.00),
(16, 31, 2020, 30766.00),
(16, 31, 2021, 31163.00),
(16, 31, 2022, 31510.00),
(16, 31, 2023, 32840.00),
(17, 31, 2000, 34170.00),
(17, 31, 2001, 35500.00),
(17, 31, 2002, 36830.00),
(17, 31, 2003, 38160.00),
(17, 31, 2004, 39490.00),
(17, 31, 2005, 40820.00),
(17, 31, 2006, 42150.00),
(17, 31, 2007, 43480.00),
(17, 31, 2008, 44810.00),
(17, 31, 2009, 46140.00),
(17, 31, 2010, 47470.00),
(17, 31, 2011, 48800.00),
(17, 31, 2012, 50130.00),
(17, 31, 2013, 51460.00),
(17, 31, 2014, 52790.00),
(17, 31, 2015, 54120.00),
(17, 31, 2016, 55450.00),
(17, 31, 2017, 56780.00),
(17, 31, 2018, 58110.00),
(17, 31, 2019, 59440.00),
(17, 31, 2020, 60770.00),
(17, 31, 2021, 62100.00),
(17, 31, 2022, 63430.00),
(17, 31, 2023, 64760.00),
(18, 31, 2000, 72778.00),
(18, 31, 2001, 69455.00),
(18, 31, 2002, 66457.00),
(18, 31, 2003, 64071.00),
(18, 31, 2004, 61800.00),
(18, 31, 2005, 60034.00),
(18, 31, 2006, 58420.00),
(18, 31, 2007, 57203.00),
(18, 31, 2008, 56556.00),
(18, 31, 2009, 55679.00),
(18, 31, 2010, 53889.00),
(18, 31, 2011, 52559.00),
(18, 31, 2012, 51640.00),
(18, 31, 2013, 50600.00),
(18, 31, 2014, 49305.00),
(18, 31, 2015, 49230.00),
(18, 31, 2016, 49027.00),
(18, 31, 2017, 48934.00),
(18, 31, 2018, 48835.00),
(18, 31, 2019, 49724.00),
(18, 31, 2020, 50152.00),
(18, 31, 2021, 50611.00),
(18, 31, 2022, 51147.00),
(18, 31, 2023, 52270.00),
(19, 31, 2000, 55373.00),
(19, 31, 2001, 53928.00),
(19, 31, 2002, 53000.00),
(19, 31, 2003, 52985.00),
(19, 31, 2004, 53310.00),
(19, 31, 2005, 54075.00),
(19, 31, 2006, 54587.00),
(19, 31, 2007, 55382.00),
(19, 31, 2008, 56753.00),
(19, 31, 2009, 56339.00),
(19, 31, 2010, 55238.00),
(19, 31, 2011, 54520.00),
(19, 31, 2012, 53315.00),
(19, 31, 2013, 51853.00),
(19, 31, 2014, 50826.00),
(19, 31, 2015, 50497.00),
(19, 31, 2016, 50310.00),
(19, 31, 2017, 50302.00),
(19, 31, 2018, 50204.00),
(19, 31, 2019, 51052.00),
(19, 31, 2020, 51616.00),
(19, 31, 2021, 52322.00),
(19, 31, 2022, 53363.00),
(19, 31, 2023, 55238.00),
(20, 31, 2000, 36221.00),
(20, 31, 2001, 34999.00),
(20, 31, 2002, 34264.00),
(20, 31, 2003, 33579.00),
(20, 31, 2004, 33280.00),
(20, 31, 2005, 32999.00),
(20, 31, 2006, 32825.00),
(20, 31, 2007, 32610.00),
(20, 31, 2008, 32500.00),
(20, 31, 2009, 31870.00),
(20, 31, 2010, 30997.00),
(20, 31, 2011, 30188.00),
(20, 31, 2012, 29458.00),
(20, 31, 2013, 28266.00),
(20, 31, 2014, 27350.00),
(20, 31, 2015, 26959.00),
(20, 31, 2016, 26627.00),
(20, 31, 2017, 26243.00),
(20, 31, 2018, 26101.00),
(20, 31, 2019, 26143.00),
(20, 31, 2020, 26068.00),
(20, 31, 2021, 25992.00),
(20, 31, 2022, 26060.00),
(20, 31, 2023, 26146.00),
(21, 31, 2000, 186556.00),
(21, 31, 2001, 176375.00),
(21, 31, 2002, 168499.00),
(21, 31, 2003, 164967.00),
(21, 31, 2004, 163628.00),
(21, 31, 2005, 162289.00),
(21, 31, 2006, 161481.00),
(21, 31, 2007, 161789.00),
(21, 31, 2008, 164325.00),
(21, 31, 2009, 164986.00),
(21, 31, 2010, 164213.00),
(21, 31, 2011, 163463.00),
(21, 31, 2012, 163112.00),
(21, 31, 2013, 162357.00),
(21, 31, 2014, 161390.00),
(21, 31, 2015, 163816.00),
(21, 31, 2016, 168191.00),
(21, 31, 2017, 173083.00),
(21, 31, 2018, 177791.00),
(21, 31, 2019, 184758.00),
(21, 31, 2020, 191537.00),
(21, 31, 2021, 195485.00),
(21, 31, 2022, 201575.00),
(21, 31, 2023, 209714.00),
(22, 31, 2000, 133958.00),
(22, 31, 2001, 126920.00),
(22, 31, 2002, 121880.00),
(22, 31, 2003, 119697.00),
(22, 31, 2004, 119058.00),
(22, 31, 2005, 118538.00),
(22, 31, 2006, 118495.00),
(22, 31, 2007, 119628.00),
(22, 31, 2008, 121750.00),
(22, 31, 2009, 120224.00),
(22, 31, 2010, 117887.00),
(22, 31, 2011, 115787.00),
(22, 31, 2012, 114046.00),
(22, 31, 2013, 111888.00),
(22, 31, 2014, 110667.00),
(22, 31, 2015, 111594.00),
(22, 31, 2016, 113406.00),
(22, 31, 2017, 115533.00),
(22, 31, 2018, 117638.00),
(22, 31, 2019, 121659.00),
(22, 31, 2020, 125057.00),
(22, 31, 2021, 127480.00),
(22, 31, 2022, 131398.00),
(22, 31, 2023, 138098.00),
(23, 31, 2000, 25681.00),
(23, 31, 2001, 24670.00),
(23, 31, 2002, 23922.00),
(23, 31, 2003, 24178.00),
(23, 31, 2004, 24376.00),
(23, 31, 2005, 24395.00),
(23, 31, 2006, 24713.00),
(23, 31, 2007, 25131.00),
(23, 31, 2008, 25723.00),
(23, 31, 2009, 25883.00),
(23, 31, 2010, 25560.00),
(23, 31, 2011, 25259.00),
(23, 31, 2012, 25151.00),
(23, 31, 2013, 24839.00),
(23, 31, 2014, 24763.00),
(23, 31, 2015, 25040.00),
(23, 31, 2016, 25474.00),
(23, 31, 2017, 26126.00),
(23, 31, 2018, 26808.00),
(23, 31, 2019, 27562.00),
(23, 31, 2020, 28408.00),
(23, 31, 2021, 28676.00),
(23, 31, 2022, 29401.00),
(23, 31, 2023, 30298.00),
(24, 31, 2000, 271388.00),
(24, 31, 2001, 261489.00),
(24, 31, 2002, 253500.00),
(24, 31, 2003, 246787.00),
(24, 31, 2004, 241879.00),
(24, 31, 2005, 238681.00),
(24, 31, 2006, 237161.00),
(24, 31, 2007, 235734.00),
(24, 31, 2008, 236284.00),
(24, 31, 2009, 234149.00),
(24, 31, 2010, 229270.00),
(24, 31, 2011, 224041.00),
(24, 31, 2012, 219475.00),
(24, 31, 2013, 214536.00),
(24, 31, 2014, 210799.00),
(24, 31, 2015, 210312.00),
(24, 31, 2016, 211136.00),
(24, 31, 2017, 212589.00),
(24, 31, 2018, 213855.00),
(24, 31, 2019, 217838.00),
(24, 31, 2020, 222073.00),
(24, 31, 2021, 226605.00),
(24, 31, 2022, 232123.00),
(24, 31, 2023, 239053.00),
(25, 31, 2000, 42744.00),
(25, 31, 2001, 40988.00),
(25, 31, 2002, 39313.00),
(25, 31, 2003, 38584.00),
(25, 31, 2004, 38337.00),
(25, 31, 2005, 38283.00),
(25, 31, 2006, 38551.00),
(25, 31, 2007, 39181.00),
(25, 31, 2008, 39715.00),
(25, 31, 2009, 39797.00),
(25, 31, 2010, 39173.00),
(25, 31, 2011, 38543.00),
(25, 31, 2012, 38126.00),
(25, 31, 2013, 37871.00),
(25, 31, 2014, 37678.00),
(25, 31, 2015, 38077.00),
(25, 31, 2016, 38419.00),
(25, 31, 2017, 39204.00),
(25, 31, 2018, 39646.00),
(25, 31, 2019, 40613.00),
(25, 31, 2020, 41683.00),
(25, 31, 2021, 42356.00),
(25, 31, 2022, 43220.00),
(25, 31, 2023, 44836.00),
(26, 31, 2000, 2750.00),
(26, 31, 2001, 2729.00),
(26, 31, 2002, 2624.00),
(26, 31, 2003, 2553.00),
(26, 31, 2004, 2528.00),
(26, 31, 2005, 2505.00),
(26, 31, 2006, 2429.00),
(26, 31, 2007, 2450.00),
(26, 31, 2008, 2455.00),
(26, 31, 2009, 2501.00),
(26, 31, 2010, 2525.00),
(26, 31, 2011, 2549.00),
(26, 31, 2012, 2578.00),
(26, 31, 2013, 2610.00),
(26, 31, 2014, 2554.00),
(26, 31, 2015, 2636.00),
(26, 31, 2016, 2640.00),
(26, 31, 2017, 2700.00),
(26, 31, 2018, 2711.00),
(26, 31, 2019, 2745.00),
(26, 31, 2020, 2775.00),
(26, 31, 2021, 2786.00),
(26, 31, 2022, 2859.00),
(26, 31, 2023, 2918.00),
(27, 31, 2000, 2575.00),
(27, 31, 2001, 2494.00),
(27, 31, 2002, 2430.00),
(27, 31, 2003, 2349.00),
(27, 31, 2004, 2305.00),
(27, 31, 2005, 2260.00),
(27, 31, 2006, 2314.00),
(27, 31, 2007, 2270.00),
(27, 31, 2008, 2348.00),
(27, 31, 2009, 2440.00),
(27, 31, 2010, 2527.00),
(27, 31, 2011, 2554.00),
(27, 31, 2012, 2626.00),
(27, 31, 2013, 2665.00),
(27, 31, 2014, 2700.00),
(27, 31, 2015, 2689.00),
(27, 31, 2016, 2715.00),
(27, 31, 2017, 2801.00),
(27, 31, 2018, 2855.00),
(27, 31, 2019, 2879.00),
(27, 31, 2020, 2885.00),
(27, 31, 2021, 2913.00),
(27, 31, 2022, 2899.00),
(27, 31, 2023, 2900.00),
(28, 31, 2000, 2901.00),
(28, 31, 2001, 2902.00),
(28, 31, 2002, 2903.00),
(28, 31, 2003, 2904.00),
(28, 31, 2004, 2905.00),
(28, 31, 2005, 2906.00),
(28, 31, 2006, 2907.00),
(28, 31, 2007, 2908.00),
(28, 31, 2008, 2909.00),
(28, 31, 2009, 2910.00),
(28, 31, 2010, 2911.00),
(28, 31, 2011, 2912.00),
(28, 31, 2012, 2913.00),
(28, 31, 2013, 2914.00),
(28, 31, 2014, 2915.00),
(28, 31, 2015, 2916.00),
(28, 31, 2016, 2917.00),
(28, 31, 2017, 2918.00),
(28, 31, 2018, 2919.00),
(28, 31, 2019, 2920.00),
(28, 31, 2020, 2921.00),
(28, 31, 2021, 2922.00),
(28, 31, 2022, 2923.00),
(28, 31, 2023, 2924.00),
(10, 32, 2000, 79.29),
(10, 32, 2001, 79.87),
(10, 32, 2002, 80.00),
(10, 32, 2003, 79.87),
(10, 32, 2004, 80.63),
(10, 32, 2005, 80.51),
(10, 32, 2006, 80.81),
(10, 32, 2007, 80.89),
(10, 32, 2008, 81.31),
(10, 32, 2009, 81.46),
(10, 32, 2010, 81.93),
(10, 32, 2011, 82.11),
(10, 32, 2012, 82.24),
(10, 32, 2013, 82.60),
(10, 32, 2014, 82.92),
(10, 32, 2015, 82.62),
(10, 32, 2016, 82.65),
(10, 32, 2017, 83.07),
(10, 32, 2018, 83.09),
(10, 32, 2019, 83.51),
(10, 32, 2020, 83.33),
(10, 32, 2021, 83.40),
(10, 32, 2022, 83.23),
(10, 32, 2023, 83.42),
(11, 32, 2000, 78.79),
(11, 32, 2001, 79.50),
(11, 32, 2002, 79.52),
(11, 32, 2003, 79.18),
(11, 32, 2004, 79.84),
(11, 32, 2005, 79.90),
(11, 32, 2006, 80.19),
(11, 32, 2007, 80.37),
(11, 32, 2008, 80.70),
(11, 32, 2009, 81.09),
(11, 32, 2010, 81.18),
(11, 32, 2011, 81.30),
(11, 32, 2012, 81.52),
(11, 32, 2013, 82.19),
(11, 32, 2014, 82.11),
(11, 32, 2015, 82.20),
(11, 32, 2016, 82.37),
(11, 32, 2017, 82.58),
(11, 32, 2018, 82.63),
(11, 32, 2019, 82.83),
(11, 32, 2020, 82.09),
(11, 32, 2021, 82.74),
(11, 32, 2022, 82.46),
(11, 32, 2023, 82.18),
(12, 32, 2000, 79.35),
(12, 32, 2001, 80.27),
(12, 32, 2002, 80.11),
(12, 32, 2003, 80.39),
(12, 32, 2004, 80.82),
(12, 32, 2005, 81.07),
(12, 32, 2006, 80.99),
(12, 32, 2007, 80.99),
(12, 32, 2008, 81.62),
(12, 32, 2009, 81.96),
(12, 32, 2010, 82.06),
(12, 32, 2011, 82.42),
(12, 32, 2012, 82.54),
(12, 32, 2013, 82.97),
(12, 32, 2014, 82.79),
(12, 32, 2015, 82.71),
(12, 32, 2016, 83.16),
(12, 32, 2017, 83.33),
(12, 32, 2018, 83.35),
(12, 32, 2019, 83.60),
(12, 32, 2020, 83.02),
(12, 32, 2021, 83.64),
(12, 32, 2022, 83.06),
(12, 32, 2023, 83.52),
(13, 32, 2000, 79.61),
(13, 32, 2001, 80.18),
(13, 32, 2002, 80.16),
(13, 32, 2003, 80.26),
(13, 32, 2004, 80.78),
(13, 32, 2005, 80.86),
(13, 32, 2006, 81.49),
(13, 32, 2007, 81.34),
(13, 32, 2008, 81.74),
(13, 32, 2009, 81.98),
(13, 32, 2010, 82.42),
(13, 32, 2011, 82.46),
(13, 32, 2012, 82.75),
(13, 32, 2013, 83.13),
(13, 32, 2014, 83.35),
(13, 32, 2015, 83.09),
(13, 32, 2016, 83.43),
(13, 32, 2017, 83.54),
(13, 32, 2018, 83.65),
(13, 32, 2019, 83.97),
(13, 32, 2020, 83.17),
(13, 32, 2021, 83.69),
(13, 32, 2022, 83.49),
(13, 32, 2023, 83.29),
(14, 32, 2000, 80.40),
(14, 32, 2001, 81.01),
(14, 32, 2002, 80.83),
(14, 32, 2003, 80.91),
(14, 32, 2004, 81.46),
(14, 32, 2005, 81.62),
(14, 32, 2006, 82.02),
(14, 32, 2007, 82.20),
(14, 32, 2008, 82.29),
(14, 32, 2009, 82.90),
(14, 32, 2010, 83.68),
(14, 32, 2011, 83.47),
(14, 32, 2012, 83.42),
(14, 32, 2013, 83.50),
(14, 32, 2014, 83.46),
(14, 32, 2015, 83.76),
(14, 32, 2016, 83.83),
(14, 32, 2017, 83.82),
(14, 32, 2018, 84.16),
(14, 32, 2019, 84.57),
(14, 32, 2020, 83.36),
(14, 32, 2021, 84.28),
(14, 32, 2022, 83.85),
(14, 32, 2023, 84.29),
(15, 32, 2000, 80.43),
(15, 32, 2001, 80.55),
(15, 32, 2002, 80.48),
(15, 32, 2003, 80.60),
(15, 32, 2004, 81.35),
(15, 32, 2005, 80.97),
(15, 32, 2006, 81.88),
(15, 32, 2007, 81.49),
(15, 32, 2008, 81.93),
(15, 32, 2009, 82.52),
(15, 32, 2010, 82.95),
(15, 32, 2011, 82.85),
(15, 32, 2012, 82.66),
(15, 32, 2013, 83.61),
(15, 32, 2014, 83.78),
(15, 32, 2015, 83.36),
(15, 32, 2016, 83.79),
(15, 32, 2017, 83.60),
(15, 32, 2018, 83.61),
(15, 32, 2019, 83.81),
(15, 32, 2020, 82.47),
(15, 32, 2021, 83.22),
(15, 32, 2022, 83.20),
(15, 32, 2023, 83.18),
(16, 32, 2000, 79.98),
(16, 32, 2001, 80.22),
(16, 32, 2002, 80.38),
(16, 32, 2003, 80.20),
(16, 32, 2004, 80.44),
(16, 32, 2005, 80.63),
(16, 32, 2006, 81.41),
(16, 32, 2007, 81.39),
(16, 32, 2008, 81.84),
(16, 32, 2009, 81.96),
(16, 32, 2010, 82.18),
(16, 32, 2011, 82.33),
(16, 32, 2012, 82.66),
(16, 32, 2013, 83.08),
(16, 32, 2014, 82.86),
(16, 32, 2015, 82.75),
(16, 32, 2016, 83.35),
(16, 32, 2017, 83.23),
(16, 32, 2018, 83.45),
(16, 32, 2019, 83.90),
(16, 32, 2020, 82.39),
(16, 32, 2021, 83.24),
(16, 32, 2022, 83.06),
(16, 32, 2023, 83.12),
(17, 32, 2000, 83.30),
(17, 32, 2001, 83.48),
(17, 32, 2002, 83.66),
(17, 32, 2003, 83.84),
(17, 32, 2004, 83.10),
(17, 32, 2005, 83.12),
(17, 32, 2006, 83.14),
(17, 32, 2007, 83.16),
(17, 32, 2008, 83.17),
(17, 32, 2009, 83.19),
(17, 32, 2010, 83.21),
(17, 32, 2011, 83.23),
(17, 32, 2012, 83.25),
(17, 32, 2013, 83.26),
(17, 32, 2014, 83.28),
(17, 32, 2015, 83.30),
(17, 32, 2016, 83.32),
(17, 32, 2017, 83.34),
(17, 32, 2018, 83.35),
(17, 32, 2019, 83.37),
(17, 32, 2020, 83.39),
(17, 32, 2021, 83.41),
(17, 32, 2022, 83.43),
(17, 32, 2023, 83.44),
(18, 32, 2000, 80.59),
(18, 32, 2001, 81.07),
(18, 32, 2002, 80.80),
(18, 32, 2003, 80.94),
(18, 32, 2004, 81.47),
(18, 32, 2005, 81.29),
(18, 32, 2006, 81.94),
(18, 32, 2007, 81.87),
(18, 32, 2008, 82.22),
(18, 32, 2009, 82.67),
(18, 32, 2010, 82.90),
(18, 32, 2011, 83.17),
(18, 32, 2012, 83.16),
(18, 32, 2013, 83.48),
(18, 32, 2014, 83.61),
(18, 32, 2015, 83.58),
(18, 32, 2016, 83.82),
(18, 32, 2017, 83.82),
(18, 32, 2018, 83.92),
(18, 32, 2019, 84.20),
(18, 32, 2020, 82.53),
(18, 32, 2021, 83.93),
(18, 32, 2022, 83.68),
(18, 32, 2023, 83.43),
(19, 32, 2000, 80.25),
(19, 32, 2001, 80.15),
(19, 32, 2002, 80.37),
(19, 32, 2003, 80.52),
(19, 32, 2004, 80.90),
(19, 32, 2005, 80.83),
(19, 32, 2006, 81.68),
(19, 32, 2007, 81.42),
(19, 32, 2008, 81.77),
(19, 32, 2009, 82.29),
(19, 32, 2010, 82.71),
(19, 32, 2011, 82.77),
(19, 32, 2012, 82.69),
(19, 32, 2013, 83.09),
(19, 32, 2014, 83.28),
(19, 32, 2015, 82.84),
(19, 32, 2016, 83.25),
(19, 32, 2017, 83.01),
(19, 32, 2018, 83.42),
(19, 32, 2019, 83.57),
(19, 32, 2020, 81.22),
(19, 32, 2021, 83.01),
(19, 32, 2022, 83.33),
(19, 32, 2023, 83.65),
(20, 32, 2000, 78.83),
(20, 32, 2001, 79.25),
(20, 32, 2002, 79.38),
(20, 32, 2003, 79.03),
(20, 32, 2004, 79.82),
(20, 32, 2005, 79.60),
(20, 32, 2006, 80.43),
(20, 32, 2007, 80.48),
(20, 32, 2008, 81.03),
(20, 32, 2009, 81.05),
(20, 32, 2010, 81.21),
(20, 32, 2011, 81.74),
(20, 32, 2012, 81.43),
(20, 32, 2013, 81.85),
(20, 32, 2014, 82.34),
(20, 32, 2015, 82.02),
(20, 32, 2016, 82.29),
(20, 32, 2017, 82.24),
(20, 32, 2018, 82.50),
(20, 32, 2019, 82.79),
(20, 32, 2020, 81.78),
(20, 32, 2021, 82.14),
(20, 32, 2022, 82.40),
(20, 32, 2023, 82.60),
(21, 32, 2000, 79.66),
(21, 32, 2001, 79.87),
(21, 32, 2002, 80.03),
(21, 32, 2003, 79.99),
(21, 32, 2004, 80.63),
(21, 32, 2005, 80.47),
(21, 32, 2006, 81.28),
(21, 32, 2007, 81.34),
(21, 32, 2008, 81.63),
(21, 32, 2009, 81.89),
(21, 32, 2010, 82.26),
(21, 32, 2011, 82.57),
(21, 32, 2012, 82.49),
(21, 32, 2013, 82.97),
(21, 32, 2014, 83.17),
(21, 32, 2015, 83.09),
(21, 32, 2016, 83.43),
(21, 32, 2017, 83.33),
(21, 32, 2018, 83.41),
(21, 32, 2019, 83.83),
(21, 32, 2020, 82.26),
(21, 32, 2021, 83.34),
(21, 32, 2022, 83.49),
(21, 32, 2023, 83.64),
(22, 32, 2000, 78.76),
(22, 32, 2001, 78.93),
(22, 32, 2002, 79.01),
(22, 32, 2003, 79.04),
(22, 32, 2004, 79.80),
(22, 32, 2005, 79.65),
(22, 32, 2006, 80.44),
(22, 32, 2007, 80.48),
(22, 32, 2008, 80.85),
(22, 32, 2009, 81.27),
(22, 32, 2010, 81.55),
(22, 32, 2011, 81.76),
(22, 32, 2012, 81.86),
(22, 32, 2013, 82.37),
(22, 32, 2014, 82.41),
(22, 32, 2015, 82.23),
(22, 32, 2016, 82.59),
(22, 32, 2017, 82.50),
(22, 32, 2018, 82.58),
(22, 32, 2019, 83.00),
(22, 32, 2020, 82.36),
(22, 32, 2021, 82.22),
(22, 32, 2022, 82.47),
(22, 32, 2023, 82.72),
(23, 32, 2000, 78.42),
(23, 32, 2001, 79.14),
(23, 32, 2002, 79.47),
(23, 32, 2003, 79.78),
(23, 32, 2004, 80.27),
(23, 32, 2005, 80.33),
(23, 32, 2006, 80.85),
(23, 32, 2007, 81.26),
(23, 32, 2008, 81.19),
(23, 32, 2009, 81.15),
(23, 32, 2010, 81.56),
(23, 32, 2011, 81.93),
(23, 32, 2012, 81.87),
(23, 32, 2013, 82.62),
(23, 32, 2014, 82.70),
(23, 32, 2015, 82.42),
(23, 32, 2016, 83.03),
(23, 32, 2017, 82.90),
(23, 32, 2018, 83.23),
(23, 32, 2019, 83.71),
(23, 32, 2020, 83.46),
(23, 32, 2021, 83.36),
(23, 32, 2022, 82.90),
(23, 32, 2023, 83.37),
(24, 32, 2000, 78.17),
(24, 32, 2001, 78.46),
(24, 32, 2002, 78.50),
(24, 32, 2003, 78.38),
(24, 32, 2004, 78.89),
(24, 32, 2005, 78.92),
(24, 32, 2006, 79.63),
(24, 32, 2007, 79.66),
(24, 32, 2008, 79.93),
(24, 32, 2009, 80.30),
(24, 32, 2010, 80.76),
(24, 32, 2011, 80.88),
(24, 32, 2012, 80.91),
(24, 32, 2013, 81.49),
(24, 32, 2014, 81.72),
(24, 32, 2015, 81.37),
(24, 32, 2016, 81.85),
(24, 32, 2017, 81.83),
(24, 32, 2018, 81.76),
(24, 32, 2019, 82.22),
(24, 32, 2020, 81.54),
(24, 32, 2021, 81.49),
(24, 32, 2022, 81.86),
(24, 32, 2023, 81.12),
(25, 32, 2000, 78.42),
(25, 32, 2001, 78.95),
(25, 32, 2002, 78.96),
(25, 32, 2003, 79.11),
(25, 32, 2004, 79.54),
(25, 32, 2005, 79.71),
(25, 32, 2006, 80.27),
(25, 32, 2007, 80.30),
(25, 32, 2008, 80.43),
(25, 32, 2009, 80.90),
(25, 32, 2010, 81.62),
(25, 32, 2011, 81.71),
(25, 32, 2012, 81.72),
(25, 32, 2013, 82.28),
(25, 32, 2014, 82.47),
(25, 32, 2015, 82.22),
(25, 32, 2016, 82.52),
(25, 32, 2017, 82.41),
(25, 32, 2018, 82.65),
(25, 32, 2019, 82.63),
(25, 32, 2020, 82.27),
(25, 32, 2021, 82.21),
(25, 32, 2022, 82.05),
(25, 32, 2023, 82.11),
(26, 32, 2000, 78.08),
(26, 32, 2001, 77.95),
(26, 32, 2002, 76.77),
(26, 32, 2003, 77.58),
(26, 32, 2004, 77.89),
(26, 32, 2005, 77.95),
(26, 32, 2006, 78.16),
(26, 32, 2007, 77.92),
(26, 32, 2008, 78.76),
(26, 32, 2009, 78.09),
(26, 32, 2010, 78.52),
(26, 32, 2011, 79.43),
(26, 32, 2012, 80.18),
(26, 32, 2013, 79.38),
(26, 32, 2014, 79.88),
(26, 32, 2015, 80.27),
(26, 32, 2016, 80.73),
(26, 32, 2017, 79.31),
(26, 32, 2018, 80.51),
(26, 32, 2019, 80.55),
(26, 32, 2020, 79.28),
(26, 32, 2021, 78.47),
(26, 32, 2022, 79.71),
(26, 32, 2023, 78.48),
(27, 32, 2000, 76.87),
(27, 32, 2001, 77.40),
(27, 32, 2002, 77.31),
(27, 32, 2003, 77.18),
(27, 32, 2004, 77.66),
(27, 32, 2005, 78.53),
(27, 32, 2006, 78.21),
(27, 32, 2007, 78.78),
(27, 32, 2008, 78.41),
(27, 32, 2009, 80.56),
(27, 32, 2010, 81.13),
(27, 32, 2011, 79.93),
(27, 32, 2012, 80.30),
(27, 32, 2013, 80.36),
(27, 32, 2014, 80.06),
(27, 32, 2015, 79.93),
(27, 32, 2016, 80.49),
(27, 32, 2017, 80.28),
(27, 32, 2018, 80.22),
(27, 32, 2019, 80.71),
(27, 32, 2020, 78.82),
(27, 32, 2021, 79.79),
(27, 32, 2022, 81.55),
(27, 32, 2023, 79.80),
(28, 32, 2000, 81.56),
(28, 32, 2001, 79.81),
(28, 32, 2002, 81.57),
(28, 32, 2003, 79.82),
(28, 32, 2004, 81.58),
(28, 32, 2005, 79.83),
(28, 32, 2006, 81.59),
(28, 32, 2007, 79.84),
(28, 32, 2008, 81.60),
(28, 32, 2009, 79.85),
(28, 32, 2010, 81.61),
(28, 32, 2011, 79.86),
(28, 32, 2012, 81.62),
(28, 32, 2013, 79.87),
(28, 32, 2014, 81.63),
(28, 32, 2015, 79.88),
(28, 32, 2016, 81.64),
(28, 32, 2017, 79.89),
(28, 32, 2018, 81.65),
(28, 32, 2019, 79.90),
(28, 32, 2020, 81.66),
(28, 32, 2021, 79.91),
(28, 32, 2022, 81.67),
(28, 32, 2023, 79.92),
(10, 33, 2000, 19500.00),
(10, 33, 2001, 19400.00),
(10, 33, 2002, 19400.00),
(10, 33, 2003, 20400.00),
(10, 33, 2004, 20600.00),
(10, 33, 2005, 21100.00),
(10, 33, 2006, 21392.00),
(10, 33, 2007, 21752.00),
(10, 33, 2008, 23175.00),
(10, 33, 2009, 22537.00),
(10, 33, 2010, 22047.00),
(10, 33, 2011, 21594.00),
(10, 33, 2012, 21089.00),
(10, 33, 2013, 19727.00),
(10, 33, 2014, 19630.00),
(10, 33, 2015, 19427.00),
(10, 33, 2016, 19062.00),
(10, 33, 2017, 18445.00),
(10, 33, 2018, 16560.00),
(10, 33, 2019, 15718.00),
(10, 33, 2020, 15247.00),
(10, 33, 2021, 14787.00),
(10, 33, 2022, 14495.00),
(10, 33, 2023, 14203.00),
(11, 33, 2000, 6800.00),
(11, 33, 2001, 6800.00),
(11, 33, 2002, 6800.00),
(11, 33, 2003, 7200.00),
(11, 33, 2004, 7200.00),
(11, 33, 2005, 7480.00),
(11, 33, 2006, 7596.00),
(11, 33, 2007, 7833.00),
(11, 33, 2008, 8221.00),
(11, 33, 2009, 8210.00),
(11, 33, 2010, 7763.00),
(11, 33, 2011, 7782.00),
(11, 33, 2012, 7622.00),
(11, 33, 2013, 6671.00),
(11, 33, 2014, 6600.00),
(11, 33, 2015, 6455.00),
(11, 33, 2016, 6347.00),
(11, 33, 2017, 6012.00),
(11, 33, 2018, 5733.00),
(11, 33, 2019, 5152.00),
(11, 33, 2020, 4771.00),
(11, 33, 2021, 4785.00),
(11, 33, 2022, 4744.00),
(11, 33, 2023, 4703.00),
(12, 33, 2000, 4300.00),
(12, 33, 2001, 4300.00),
(12, 33, 2002, 4500.00),
(12, 33, 2003, 4800.00),
(12, 33, 2004, 5100.00),
(12, 33, 2005, 5270.00),
(12, 33, 2006, 5229.00),
(12, 33, 2007, 5379.00),
(12, 33, 2008, 5886.00),
(12, 33, 2009, 5619.00),
(12, 33, 2010, 5575.00),
(12, 33, 2011, 5344.00),
(12, 33, 2012, 5064.00),
(12, 33, 2013, 4831.00),
(12, 33, 2014, 4565.00),
(12, 33, 2015, 4375.00),
(12, 33, 2016, 4244.00),
(12, 33, 2017, 4118.00),
(12, 33, 2018, 3805.00),
(12, 33, 2019, 3547.00),
(12, 33, 2020, 3407.00),
(12, 33, 2021, 3285.00),
(12, 33, 2022, 3224.00),
(12, 33, 2023, 3163.00),
(13, 33, 2000, 17500.00),
(13, 33, 2001, 17600.00),
(13, 33, 2002, 18200.00),
(13, 33, 2003, 19400.00),
(13, 33, 2004, 19600.00),
(13, 33, 2005, 19700.00),
(13, 33, 2006, 20026.00),
(13, 33, 2007, 20594.00),
(13, 33, 2008, 21310.00),
(13, 33, 2009, 20905.00),
(13, 33, 2010, 21170.00),
(13, 33, 2011, 21155.00),
(13, 33, 2012, 20533.00),
(13, 33, 2013, 19116.00),
(13, 33, 2014, 19379.00),
(13, 33, 2015, 18849.00),
(13, 33, 2016, 18247.00),
(13, 33, 2017, 17077.00),
(13, 33, 2018, 16100.00),
(13, 33, 2019, 15449.00),
(13, 33, 2020, 14743.00),
(13, 33, 2021, 14276.00),
(13, 33, 2022, 13663.00),
(13, 33, 2023, 13050.00),
(14, 33, 2000, 5300.00),
(14, 33, 2001, 5700.00),
(14, 33, 2002, 5800.00),
(14, 33, 2003, 6200.00),
(14, 33, 2004, 6300.00),
(14, 33, 2005, 6150.00),
(14, 33, 2006, 6551.00),
(14, 33, 2007, 6595.00),
(14, 33, 2008, 7029.00),
(14, 33, 2009, 6844.00),
(14, 33, 2010, 6778.00),
(14, 33, 2011, 6747.00),
(14, 33, 2012, 6731.00),
(14, 33, 2013, 6075.00),
(14, 33, 2014, 6183.00),
(14, 33, 2015, 6007.00),
(14, 33, 2016, 5894.00),
(14, 33, 2017, 5746.00),
(14, 33, 2018, 5398.00),
(14, 33, 2019, 5371.00),
(14, 33, 2020, 5036.00),
(14, 33, 2021, 5113.00),
(14, 33, 2022, 4759.00),
(14, 33, 2023, 4405.00),
(15, 33, 2000, 2300.00),
(15, 33, 2001, 2400.00),
(15, 33, 2002, 2500.00),
(15, 33, 2003, 2800.00),
(15, 33, 2004, 2900.00),
(15, 33, 2005, 3040.00),
(15, 33, 2006, 3070.00),
(15, 33, 2007, 3272.00),
(15, 33, 2008, 3518.00),
(15, 33, 2009, 3330.00),
(15, 33, 2010, 3374.00),
(15, 33, 2011, 3172.00),
(15, 33, 2012, 3188.00),
(15, 33, 2013, 2903.00),
(15, 33, 2014, 2834.00),
(15, 33, 2015, 2732.00),
(15, 33, 2016, 2662.00),
(15, 33, 2017, 2566.00),
(15, 33, 2018, 2330.00),
(15, 33, 2019, 2408.00),
(15, 33, 2020, 2318.00),
(15, 33, 2021, 2192.00),
(15, 33, 2022, 2191.00),
(15, 33, 2023, 2190.00),
(16, 33, 2000, 9900.00),
(16, 33, 2001, 10300.00),
(16, 33, 2002, 10400.00),
(16, 33, 2003, 11000.00),
(16, 33, 2004, 11500.00),
(16, 33, 2005, 11630.00),
(16, 33, 2006, 12280.00),
(16, 33, 2007, 12859.00),
(16, 33, 2008, 13675.00),
(16, 33, 2009, 13062.00),
(16, 33, 2010, 12940.00),
(16, 33, 2011, 12610.00),
(16, 33, 2012, 11980.00),
(16, 33, 2013, 11662.00),
(16, 33, 2014, 11602.00),
(16, 33, 2015, 11352.00),
(16, 33, 2016, 10929.00),
(16, 33, 2017, 10531.00),
(16, 33, 2018, 9977.00),
(16, 33, 2019, 9644.00),
(16, 33, 2020, 9095.00),
(16, 33, 2021, 9463.00),
(16, 33, 2022, 8985.00),
(16, 33, 2023, 8507.00),
(17, 33, 2000, 56800.00),
(17, 33, 2001, 59700.00),
(17, 33, 2002, 63200.00),
(17, 33, 2003, 67300.00),
(17, 33, 2004, 69000.00),
(17, 33, 2005, 69370.00),
(17, 33, 2006, 71912.00),
(17, 33, 2007, 74837.00),
(17, 33, 2008, 78792.00),
(17, 33, 2009, 75957.00),
(17, 33, 2010, 73878.00),
(17, 33, 2011, 72023.00),
(17, 33, 2012, 69374.00),
(17, 33, 2013, 65343.00),
(17, 33, 2014, 65505.00),
(17, 33, 2015, 64879.00),
(17, 33, 2016, 63112.00),
(17, 33, 2017, 60555.00),
(17, 33, 2018, 57554.00),
(17, 33, 2019, 55741.00),
(17, 33, 2020, 52357.00),
(17, 33, 2021, 51366.00),
(17, 33, 2022, 50961.00),
(17, 33, 2023, 50556.00),
(18, 33, 2000, 17900.00),
(18, 33, 2001, 17600.00),
(18, 33, 2002, 18100.00),
(18, 33, 2003, 18600.00),
(18, 33, 2004, 18900.00),
(18, 33, 2005, 19420.00),
(18, 33, 2006, 19775.00),
(18, 33, 2007, 20077.00),
(18, 33, 2008, 21311.00),
(18, 33, 2009, 20416.00),
(18, 33, 2010, 20486.00),
(18, 33, 2011, 19862.00),
(18, 33, 2012, 19046.00),
(18, 33, 2013, 17827.00),
(18, 33, 2014, 17886.00),
(18, 33, 2015, 17389.00),
(18, 33, 2016, 16675.00),
(18, 33, 2017, 15509.00),
(18, 33, 2018, 15044.00),
(18, 33, 2019, 14323.00),
(18, 33, 2020, 13652.00),
(18, 33, 2021, 13095.00),
(18, 33, 2022, 13135.00),
(18, 33, 2023, 13175.00),
(19, 33, 2000, 16300.00),
(19, 33, 2001, 16800.00),
(19, 33, 2002, 16600.00),
(19, 33, 2003, 17300.00),
(19, 33, 2004, 18500.00),
(19, 33, 2005, 19010.00),
(19, 33, 2006, 20389.00),
(19, 33, 2007, 20875.00),
(19, 33, 2008, 23038.00),
(19, 33, 2009, 22322.00),
(19, 33, 2010, 21998.00),
(19, 33, 2011, 21364.00),
(19, 33, 2012, 20382.00),
(19, 33, 2013, 19068.00),
(19, 33, 2014, 18392.00),
(19, 33, 2015, 18214.00),
(19, 33, 2016, 17792.00),
(19, 33, 2017, 16864.00),
(19, 33, 2018, 15845.00),
(19, 33, 2019, 15316.00),
(19, 33, 2020, 14738.00),
(19, 33, 2021, 14534.00),
(19, 33, 2022, 14511.00),
(19, 33, 2023, 14488.00),
(20, 33, 2000, 10000.00),
(20, 33, 2001, 9900.00),
(20, 33, 2002, 9700.00),
(20, 33, 2003, 9900.00),
(20, 33, 2004, 9900.00),
(20, 33, 2005, 9990.00),
(20, 33, 2006, 10118.00),
(20, 33, 2007, 9981.00),
(20, 33, 2008, 10735.00),
(20, 33, 2009, 10314.00),
(20, 33, 2010, 10128.00),
(20, 33, 2011, 9938.00),
(20, 33, 2012, 9423.00),
(20, 33, 2013, 8880.00),
(20, 33, 2014, 9167.00),
(20, 33, 2015, 8895.00),
(20, 33, 2016, 8783.00),
(20, 33, 2017, 8495.00),
(20, 33, 2018, 7821.00),
(20, 33, 2019, 7650.00),
(20, 33, 2020, 7380.00),
(20, 33, 2021, 7247.00),
(20, 33, 2022, 6814.00),
(20, 33, 2023, 6381.00),
(21, 33, 2000, 63500.00),
(21, 33, 2001, 65100.00),
(21, 33, 2002, 68300.00),
(21, 33, 2003, 73100.00),
(21, 33, 2004, 77000.00),
(21, 33, 2005, 79770.00),
(21, 33, 2006, 82300.00),
(21, 33, 2007, 84037.00),
(21, 33, 2008, 89249.00),
(21, 33, 2009, 85204.00),
(21, 33, 2010, 84368.00),
(21, 33, 2011, 81247.00),
(21, 33, 2012, 77438.00),
(21, 33, 2013, 71591.00),
(21, 33, 2014, 71589.00),
(21, 33, 2015, 70450.00),
(21, 33, 2016, 68908.00),
(21, 33, 2017, 66803.00),
(21, 33, 2018, 63566.00),
(21, 33, 2019, 61548.00),
(21, 33, 2020, 58464.00),
(21, 33, 2021, 57634.00),
(21, 33, 2022, 56344.00),
(21, 33, 2023, 55054.00),
(22, 33, 2000, 40500.00),
(22, 33, 2001, 42300.00),
(22, 33, 2002, 43900.00),
(22, 33, 2003, 47300.00),
(22, 33, 2004, 49000.00),
(22, 33, 2005, 50630.00),
(22, 33, 2006, 52756.00),
(22, 33, 2007, 54478.00),
(22, 33, 2008, 57083.00),
(22, 33, 2009, 52389.00),
(22, 33, 2010, 51684.00),
(22, 33, 2011, 49446.00),
(22, 33, 2012, 47574.00),
(22, 33, 2013, 44185.00),
(22, 33, 2014, 44343.00),
(22, 33, 2015, 43450.00),
(22, 33, 2016, 41997.00),
(22, 33, 2017, 40318.00),
(22, 33, 2018, 38018.00),
(22, 33, 2019, 37324.00),
(22, 33, 2020, 35761.00),
(22, 33, 2021, 35677.00),
(22, 33, 2022, 35604.00),
(22, 33, 2023, 35531.00),
(23, 33, 2000, 9400.00),
(23, 33, 2001, 9900.00),
(23, 33, 2002, 10400.00),
(23, 33, 2003, 10600.00),
(23, 33, 2004, 10800.00),
(23, 33, 2005, 10920.00),
(23, 33, 2006, 11675.00),
(23, 33, 2007, 11917.00),
(23, 33, 2008, 12713.00),
(23, 33, 2009, 12044.00),
(23, 33, 2010, 11967.00),
(23, 33, 2011, 11265.00),
(23, 33, 2012, 11002.00),
(23, 33, 2013, 10532.00),
(23, 33, 2014, 10673.00),
(23, 33, 2015, 10597.00),
(23, 33, 2016, 10616.00),
(23, 33, 2017, 10288.00),
(23, 33, 2018, 10285.00),
(23, 33, 2019, 9681.00),
(23, 33, 2020, 9455.00),
(23, 33, 2021, 9520.00),
(23, 33, 2022, 9079.00),
(23, 33, 2023, 8638.00),
(24, 33, 2000, 80800.00),
(24, 33, 2001, 81100.00),
(24, 33, 2002, 82000.00),
(24, 33, 2003, 86000.00),
(24, 33, 2004, 89000.00),
(24, 33, 2005, 91810.00),
(24, 33, 2006, 95304.00),
(24, 33, 2007, 96062.00),
(24, 33, 2008, 100293.00),
(24, 33, 2009, 94616.00),
(24, 33, 2010, 92201.00),
(24, 33, 2011, 89552.00),
(24, 33, 2012, 86375.00),
(24, 33, 2013, 81470.00),
(24, 33, 2014, 82195.00),
(24, 33, 2015, 80633.00),
(24, 33, 2016, 79263.00),
(24, 33, 2017, 74684.00),
(24, 33, 2018, 71029.00),
(24, 33, 2019, 69397.00),
(24, 33, 2020, 65522.00),
(24, 33, 2021, 65650.00),
(24, 33, 2022, 62967.00),
(24, 33, 2023, 60284.00),
(25, 33, 2000, 14200.00),
(25, 33, 2001, 15000.00),
(25, 33, 2002, 15500.00),
(25, 33, 2003, 16400.00),
(25, 33, 2004, 16700.00),
(25, 33, 2005, 17330.00),
(25, 33, 2006, 18091.00),
(25, 33, 2007, 18602.00),
(25, 33, 2008, 19386.00),
(25, 33, 2009, 18571.00),
(25, 33, 2010, 18039.00),
(25, 33, 2011, 17408.00),
(25, 33, 2012, 16682.00),
(25, 33, 2013, 16105.00),
(25, 33, 2014, 16308.00),
(25, 33, 2015, 15976.00),
(25, 33, 2016, 15528.00),
(25, 33, 2017, 15088.00),
(25, 33, 2018, 14675.00),
(25, 33, 2019, 14264.00),
(25, 33, 2020, 13706.00),
(25, 33, 2021, 13815.00),
(25, 33, 2022, 13387.00),
(25, 33, 2023, 12959.00),
(26, 33, 2000, 1000.00),
(26, 33, 2001, 1000.00),
(26, 33, 2002, 1100.00),
(26, 33, 2003, 1200.00),
(26, 33, 2004, 1100.00),
(26, 33, 2005, 1060.00),
(26, 33, 2006, 1041.00),
(26, 33, 2007, 1136.00),
(26, 33, 2008, 1165.00),
(26, 33, 2009, 1152.00),
(26, 33, 2010, 1192.00),
(26, 33, 2011, 1166.00),
(26, 33, 2012, 1128.00),
(26, 33, 2013, 1086.00),
(26, 33, 2014, 1202.00),
(26, 33, 2015, 1096.00),
(26, 33, 2016, 1060.00),
(26, 33, 2017, 1045.00),
(26, 33, 2018, 972.00),
(26, 33, 2019, 841.00),
(26, 33, 2020, 843.00),
(26, 33, 2021, 719.00),
(26, 33, 2022, 728.00),
(26, 33, 2023, 737.00),
(27, 33, 2000, 1200.00),
(27, 33, 2001, 1100.00),
(27, 33, 2002, 1200.00),
(27, 33, 2003, 1300.00),
(27, 33, 2004, 1000.00),
(27, 33, 2005, 1010.00),
(27, 33, 2006, 1122.00),
(27, 33, 2007, 1112.00),
(27, 33, 2008, 1252.00),
(27, 33, 2009, 1273.00),
(27, 33, 2010, 1359.00),
(27, 33, 2011, 1455.00),
(27, 33, 2012, 1516.00),
(27, 33, 2013, 1509.00),
(27, 33, 2014, 1625.00),
(27, 33, 2015, 1510.00),
(27, 33, 2016, 1456.00),
(27, 33, 2017, 1342.00),
(27, 33, 2018, 1340.00),
(27, 33, 2019, 1236.00),
(27, 33, 2020, 962.00),
(27, 33, 2021, 933.00),
(27, 33, 2022, 894.00),
(27, 33, 2023, 855.00),
(28, 33, 2000, 18800.00),
(28, 33, 2001, 19300.00),
(28, 33, 2002, 19000.00),
(28, 33, 2003, 19100.00),
(28, 33, 2004, 19200.00),
(28, 33, 2005, 20130.00),
(28, 33, 2006, 20668.00),
(28, 33, 2007, 19740.00),
(28, 33, 2008, 20672.00),
(28, 33, 2009, 18952.00),
(28, 33, 2010, 18305.00),
(28, 33, 2011, 17423.00),
(28, 33, 2012, 17201.00),
(28, 33, 2013, 15859.00),
(28, 33, 2014, 16398.00),
(28, 33, 2015, 16146.00),
(28, 33, 2016, 16159.00),
(28, 33, 2017, 15779.00),
(28, 33, 2018, 14775.00),
(28, 33, 2019, 14137.00),
(28, 33, 2020, 13178.00),
(28, 33, 2021, 12732.00),
(28, 33, 2022, 12219.00),
(28, 33, 2023, 11706.00);

-- --------------------------------------------------------

--
-- Estructura de tabla para la tabla `tipo_dato`
--

CREATE TABLE `tipo_dato` (
  `id_tipo_dato` int(10) NOT NULL,
  `nombre_dato` varchar(30) DEFAULT NULL
) ENGINE=InnoDB DEFAULT CHARSET=utf8mb4 COLLATE=utf8mb4_general_ci;

--
-- Volcado de datos para la tabla `tipo_dato`
--

INSERT INTO `tipo_dato` (`id_tipo_dato`, `nombre_dato`) VALUES
(30, 'taza_fertilidad'),
(31, 'conteo_mujeres'),
(32, 'esperanza_vida'),
(33, 'conteo_nacimientos');

-- --------------------------------------------------------

--
-- Estructura Stand-in para la vista `vistaregiones`
-- (Véase abajo para la vista actual)
--
CREATE TABLE `vistaregiones` (
`nombre_region` varchar(30)
);

-- --------------------------------------------------------

--
-- Estructura Stand-in para la vista `vista_consulta`
-- (Véase abajo para la vista actual)
--
CREATE TABLE `vista_consulta` (
`nombre_region` varchar(30)
,`nombre_dato` varchar(30)
,`año` int(10)
,`valores` decimal(10,2)
);

-- --------------------------------------------------------

--
-- Estructura para la vista `vistaregiones`
--
DROP TABLE IF EXISTS `vistaregiones`;

CREATE ALGORITHM=UNDEFINED DEFINER=`root`@`localhost` SQL SECURITY DEFINER VIEW `vistaregiones`  AS SELECT DISTINCT `region`.`nombre_region` AS `nombre_region` FROM `region` ORDER BY `region`.`nombre_region` ASC ;

-- --------------------------------------------------------

--
-- Estructura para la vista `vista_consulta`
--
DROP TABLE IF EXISTS `vista_consulta`;

CREATE ALGORITHM=UNDEFINED DEFINER=`root`@`localhost` SQL SECURITY DEFINER VIEW `vista_consulta`  AS SELECT `region`.`nombre_region` AS `nombre_region`, `tipo_dato`.`nombre_dato` AS `nombre_dato`, `tabla_int`.`año` AS `año`, `tabla_int`.`valores` AS `valores` FROM ((`region` join `tabla_int` on(`region`.`id_region` = `tabla_int`.`id_region`)) join `tipo_dato` on(`tabla_int`.`id_tipo_dato` = `tipo_dato`.`id_tipo_dato`)) WHERE `region`.`nombre_region` = 'canarias' ;

--
-- Índices para tablas volcadas
--

--
-- Indices de la tabla `region`
--
ALTER TABLE `region`
  ADD PRIMARY KEY (`id_region`);

--
-- Indices de la tabla `tabla_int`
--
ALTER TABLE `tabla_int`
  ADD KEY `fk_region` (`id_region`),
  ADD KEY `fk_tipo_dato` (`id_tipo_dato`);

--
-- Indices de la tabla `tipo_dato`
--
ALTER TABLE `tipo_dato`
  ADD PRIMARY KEY (`id_tipo_dato`);

--
-- AUTO_INCREMENT de las tablas volcadas
--

--
-- AUTO_INCREMENT de la tabla `region`
--
ALTER TABLE `region`
  MODIFY `id_region` int(10) NOT NULL AUTO_INCREMENT, AUTO_INCREMENT=29;

--
-- AUTO_INCREMENT de la tabla `tipo_dato`
--
ALTER TABLE `tipo_dato`
  MODIFY `id_tipo_dato` int(10) NOT NULL AUTO_INCREMENT, AUTO_INCREMENT=34;

--
-- Restricciones para tablas volcadas
--

--
-- Filtros para la tabla `tabla_int`
--
ALTER TABLE `tabla_int`
  ADD CONSTRAINT `fk_region` FOREIGN KEY (`id_region`) REFERENCES `region` (`id_region`),
  ADD CONSTRAINT `fk_tipo_dato` FOREIGN KEY (`id_tipo_dato`) REFERENCES `tipo_dato` (`id_tipo_dato`);
COMMIT;

/*!40101 SET CHARACTER_SET_CLIENT=@OLD_CHARACTER_SET_CLIENT */;
/*!40101 SET CHARACTER_SET_RESULTS=@OLD_CHARACTER_SET_RESULTS */;
/*!40101 SET COLLATION_CONNECTION=@OLD_COLLATION_CONNECTION */;
